uid,block,style,count_anchors,emotion_anchors,intent_anchors,parent_anchors,count_in_emotion,count_not_emotion,count_in_intent,emotion_in_intent,random_expected_count_in_emotion,random_expected_emotion_in_intent,count_is_sparser
ex01_confused_00028,ex01::HE WROTE GULLIVER'S TRAVEL,confused,7,14,23,28,4,3,7,14,3.5,11.5,True
ex01_confused_00146,ex01::LYNN'S WORKING ON SAGE'S LYRICS,confused,9,17,25,33,7,2,8,16,4.636363636363637,12.878787878787879,True
ex01_confused_00156,ex01::WHAT DID THE DEVIL DO NOW,confused,7,12,14,20,6,1,7,12,4.2,8.4,True
ex01_confused_00163,ex01::OUT OF NOWHERE YOU GET BLINDSIDED,confused,7,10,18,27,6,1,7,9,2.5925925925925926,6.666666666666667,True
ex01_confused_00168,ex01::YOU KNOW WHAT,confused,2,3,5,10,2,0,2,3,0.6,1.5,True
ex01_confused_00255,ex01::MARIAN,confused,4,3,8,11,2,2,2,3,1.0909090909090908,2.1818181818181817,False
ex01_confused_00264,ex01::FOR THE FRESH FACE CONTEST,confused,6,11,14,22,6,0,6,8,3.0,7.0,True
ex01_confused_00279,ex01::AND DEPRIVE MYSELF OF THE PLEASURE OF WATCHING YOU SQUIRM,confused,11,20,29,47,10,1,11,18,4.680851063829787,12.340425531914894,True
ex01_confused_00284,ex01::WHERE'D MY POPS GO,confused,5,6,10,16,5,0,5,5,1.875,3.75,True
ex01_confused_00299,ex01::ARE ANNA FARIS AND CHRIS PRATT SEPARATING,confused,9,17,25,36,6,3,8,16,4.25,11.805555555555555,True
ex01_confused_00301,ex01::OKAY IS THAT IS THAT GLOVER,confused,7,11,20,30,3,4,6,9,2.566666666666667,7.333333333333333,True
ex01_confused_00319,ex01::THEN THERE'S MIRACLE OF THIRTY FOURTH STREET BUT ONLY WATCH THE ORIGINAL,confused,15,34,47,62,15,0,15,31,8.225806451612904,25.774193548387096,True
ex01_confused_00328,ex01::ANTI AGING CREAMS CAN BRING ON BREAKOUTS,confused,9,20,32,41,8,1,9,18,4.390243902439025,15.609756097560975,True
ex01_confused_00333,ex01::WHAT ARE YOU NO GOOD AT,confused,4,5,10,15,3,1,4,5,1.3333333333333333,3.3333333333333335,False
ex01_confused_00370,ex01::AT LEAST I DO,confused,3,5,8,13,3,0,3,4,1.1538461538461537,3.076923076923077,True
ex01_default_00028,ex01::HE WROTE GULLIVER'S TRAVEL,default,7,11,15,23,7,0,6,10,3.347826086956522,7.173913043478261,True
ex01_default_00146,ex01::LYNN'S WORKING ON SAGE'S LYRICS,default,7,13,20,25,6,1,7,13,3.64,10.4,True
ex01_default_00156,ex01::WHAT DID THE DEVIL DO NOW,default,6,11,13,19,5,1,6,10,3.473684210526316,7.526315789473684,True
ex01_default_00163,ex01::OUT OF NOWHERE YOU GET BLINDSIDED,default,6,13,18,25,6,0,6,10,3.12,9.36,True
ex01_default_00168,ex01::YOU KNOW WHAT,default,3,2,5,10,2,1,3,2,0.6,1.0,False
ex01_default_00255,ex01::MARIAN,default,1,1,5,7,1,0,1,1,0.14285714285714285,0.7142857142857143,True
ex01_default_00264,ex01::FOR THE FRESH FACE CONTEST,default,5,13,14,20,5,0,5,12,3.25,9.1,True
ex01_default_00279,ex01::AND DEPRIVE MYSELF OF THE PLEASURE OF WATCHING YOU SQUIRM,default,9,23,28,45,8,1,9,21,4.6,14.311111111111112,True
ex01_default_00284,ex01::WHERE'D MY POPS GO,default,4,6,10,14,4,0,4,6,1.7142857142857142,4.285714285714286,True
ex01_default_00299,ex01::ARE ANNA FARIS AND CHRIS PRATT SEPARATING,default,9,15,21,33,8,1,9,15,4.090909090909091,9.545454545454545,True
ex01_default_00301,ex01::OKAY IS THAT IS THAT GLOVER,default,8,9,15,23,5,3,6,8,3.130434782608696,5.869565217391305,True
ex01_default_00319,ex01::THEN THERE'S MIRACLE OF THIRTY FOURTH STREET BUT ONLY WATCH THE ORIGINAL,default,15,26,37,57,12,3,14,20,6.842105263157895,16.87719298245614,True
ex01_default_00328,ex01::ANTI AGING CREAMS CAN BRING ON BREAKOUTS,default,10,15,23,33,9,1,8,12,4.545454545454546,10.454545454545455,True
ex01_default_00333,ex01::WHAT ARE YOU NO GOOD AT,default,3,6,11,16,3,0,3,6,1.125,4.125,True
ex01_default_00370,ex01::AT LEAST I DO,default,3,6,9,12,3,0,3,6,1.5,4.5,True
ex01_enunciated_00028,ex01::HE WROTE GULLIVER'S TRAVEL,enunciated,7,17,20,28,6,1,6,16,4.25,12.142857142857142,True
ex01_enunciated_00146,ex01::LYNN'S WORKING ON SAGE'S LYRICS,enunciated,9,18,27,31,8,1,7,16,5.225806451612903,15.67741935483871,True
ex01_enunciated_00156,ex01::WHAT DID THE DEVIL DO NOW,enunciated,5,14,19,23,4,1,5,13,3.0434782608695654,11.565217391304348,True
ex01_enunciated_00163,ex01::OUT OF NOWHERE YOU GET BLINDSIDED,enunciated,7,15,26,34,6,1,6,12,3.088235294117647,11.470588235294118,True
ex01_enunciated_00168,ex01::YOU KNOW WHAT,enunciated,3,5,8,10,2,1,3,5,1.5,4.0,True
ex01_enunciated_00255,ex01::MARIAN,enunciated,1,3,7,8,1,0,1,3,0.375,2.625,True
ex01_enunciated_00264,ex01::FOR THE FRESH FACE CONTEST,enunciated,6,13,20,29,6,0,6,12,2.689655172413793,8.96551724137931,True
ex01_enunciated_00279,ex01::AND DEPRIVE MYSELF OF THE PLEASURE OF WATCHING YOU SQUIRM,enunciated,11,31,41,57,8,3,10,28,5.982456140350878,22.29824561403509,True
ex01_enunciated_00284,ex01::WHERE'D MY POPS GO,enunciated,5,8,14,18,4,1,5,8,2.2222222222222223,6.222222222222222,True
ex01_enunciated_00299,ex01::ARE ANNA FARIS AND CHRIS PRATT SEPARATING,enunciated,12,26,34,48,10,2,12,22,6.5,18.416666666666668,True
ex01_enunciated_00301,ex01::OKAY IS THAT IS THAT GLOVER,enunciated,8,10,21,31,5,3,7,9,2.5806451612903225,6.774193548387097,True
ex01_enunciated_00319,ex01::THEN THERE'S MIRACLE OF THIRTY FOURTH STREET BUT ONLY WATCH THE ORIGINAL,enunciated,17,39,49,68,16,1,17,32,9.75,28.102941176470587,True
ex01_enunciated_00328,ex01::ANTI AGING CREAMS CAN BRING ON BREAKOUTS,enunciated,9,19,33,45,7,2,8,16,3.8,13.933333333333334,True
ex01_enunciated_00333,ex01::WHAT ARE YOU NO GOOD AT,enunciated,3,8,18,24,3,0,3,7,1.0,6.0,True
ex01_enunciated_00370,ex01::AT LEAST I DO,enunciated,5,6,12,15,4,1,5,6,2.0,4.8,True
ex01_happy_00028,ex01::HE WROTE GULLIVER'S TRAVEL,happy,6,12,17,24,6,0,6,8,3.0,8.5,True
ex01_happy_00146,ex01::LYNN'S WORKING ON SAGE'S LYRICS,happy,7,17,26,31,7,0,7,15,3.838709677419355,14.258064516129032,True
ex01_happy_00156,ex01::WHAT DID THE DEVIL DO NOW,happy,6,12,15,24,5,1,6,11,3.0,7.5,True
ex01_happy_00163,ex01::OUT OF NOWHERE YOU GET BLINDSIDED,happy,7,13,19,29,6,1,6,11,3.1379310344827585,8.517241379310345,True
ex01_happy_00168,ex01::YOU KNOW WHAT,happy,3,3,5,10,3,0,2,2,0.9,1.5,True
ex01_happy_00255,ex01::MARIAN,happy,0,1,6,7,0,0,0,1,0.0,0.8571428571428571,True
ex01_happy_00264,ex01::FOR THE FRESH FACE CONTEST,happy,6,10,13,22,6,0,6,9,2.727272727272727,5.909090909090909,True
ex01_happy_00279,ex01::AND DEPRIVE MYSELF OF THE PLEASURE OF WATCHING YOU SQUIRM,happy,9,25,30,45,9,0,9,23,5.0,16.666666666666668,True
ex01_happy_00284,ex01::WHERE'D MY POPS GO,happy,3,6,9,14,3,0,3,5,1.2857142857142858,3.857142857142857,True
ex01_happy_00299,ex01::ARE ANNA FARIS AND CHRIS PRATT SEPARATING,happy,10,15,23,35,7,3,10,14,4.285714285714286,9.857142857142858,True
ex01_happy_00301,ex01::OKAY IS THAT IS THAT GLOVER,happy,5,8,15,24,4,1,4,7,1.6666666666666667,5.0,True
ex01_happy_00319,ex01::THEN THERE'S MIRACLE OF THIRTY FOURTH STREET BUT ONLY WATCH THE ORIGINAL,happy,16,26,34,51,15,1,15,22,8.156862745098039,17.333333333333332,True
ex01_happy_00328,ex01::ANTI AGING CREAMS CAN BRING ON BREAKOUTS,happy,10,16,25,32,7,3,9,15,5.0,12.5,True
ex01_happy_00333,ex01::WHAT ARE YOU NO GOOD AT,happy,4,6,13,17,3,1,3,6,1.411764705882353,4.588235294117647,True
ex01_happy_00370,ex01::AT LEAST I DO,happy,2,4,6,11,2,0,2,4,0.7272727272727273,2.1818181818181817,True
ex01_laughing_00028,ex01::HE WROTE GULLIVER'S TRAVEL,laughing,7,17,19,30,6,1,5,12,3.966666666666667,10.766666666666667,True
ex01_laughing_00146,ex01::LYNN'S WORKING ON SAGE'S LYRICS,laughing,7,16,25,31,6,1,6,15,3.6129032258064515,12.903225806451612,True
ex01_laughing_00156,ex01::WHAT DID THE DEVIL DO NOW,laughing,6,11,15,21,6,0,6,11,3.142857142857143,7.857142857142857,True
ex01_laughing_00163,ex01::OUT OF NOWHERE YOU GET BLINDSIDED,laughing,7,9,18,31,5,2,6,7,2.032258064516129,5.225806451612903,True
ex01_laughing_00168,ex01::YOU KNOW WHAT,laughing,3,2,8,14,1,2,3,1,0.42857142857142855,1.1428571428571428,True
ex01_laughing_00255,ex01::MARIAN,laughing,2,3,7,10,1,1,1,3,0.6,2.1,True
ex01_laughing_00264,ex01::FOR THE FRESH FACE CONTEST,laughing,5,12,15,25,5,0,5,8,2.4,7.2,True
ex01_laughing_00279,ex01::AND DEPRIVE MYSELF OF THE PLEASURE OF WATCHING YOU SQUIRM,laughing,14,18,35,56,10,4,13,15,4.5,11.25,True
ex01_laughing_00284,ex01::WHERE'D MY POPS GO,laughing,5,7,11,18,5,0,5,7,1.9444444444444444,4.277777777777778,True
ex01_laughing_00299,ex01::ARE ANNA FARIS AND CHRIS PRATT SEPARATING,laughing,10,17,26,42,7,3,9,16,4.0476190476190474,10.523809523809524,True
ex01_laughing_00301,ex01::OKAY IS THAT IS THAT GLOVER,laughing,5,9,15,29,3,2,4,7,1.5517241379310345,4.655172413793103,True
ex01_laughing_00319,ex01::THEN THERE'S MIRACLE OF THIRTY FOURTH STREET BUT ONLY WATCH THE ORIGINAL,laughing,16,37,46,66,13,3,15,32,8.969696969696969,25.78787878787879,True
ex01_laughing_00328,ex01::ANTI AGING CREAMS CAN BRING ON BREAKOUTS,laughing,8,17,25,37,7,1,8,15,3.675675675675676,11.486486486486486,True
ex01_laughing_00333,ex01::WHAT ARE YOU NO GOOD AT,laughing,3,5,10,20,3,0,3,5,0.75,2.5,True
ex01_laughing_00370,ex01::AT LEAST I DO,laughing,4,6,10,16,4,0,4,6,1.5,3.75,True
ex01_sad_00028,ex01::HE WROTE GULLIVER'S TRAVEL,sad,7,9,14,22,4,3,7,8,2.8636363636363638,5.7272727272727275,True
ex01_sad_00146,ex01::LYNN'S WORKING ON SAGE'S LYRICS,sad,8,16,21,31,5,3,7,13,4.129032258064516,10.838709677419354,True
ex01_sad_00156,ex01::WHAT DID THE DEVIL DO NOW,sad,8,10,13,20,7,1,8,10,4.0,6.5,True
ex01_sad_00163,ex01::OUT OF NOWHERE YOU GET BLINDSIDED,sad,7,11,17,27,7,0,7,10,2.8518518518518516,6.925925925925926,True
ex01_sad_00168,ex01::YOU KNOW WHAT,sad,3,4,5,10,2,1,2,3,1.2,2.0,True
ex01_sad_00255,ex01::MARIAN,sad,0,1,5,6,0,0,0,1,0.0,0.8333333333333334,True
ex01_sad_00264,ex01::FOR THE FRESH FACE CONTEST,sad,5,11,14,21,5,0,5,10,2.619047619047619,7.333333333333333,True
ex01_sad_00279,ex01::AND DEPRIVE MYSELF OF THE PLEASURE OF WATCHING YOU SQUIRM,sad,13,19,27,43,11,2,13,17,5.744186046511628,11.930232558139535,True
ex01_sad_00284,ex01::WHERE'D MY POPS GO,sad,3,6,9,13,3,0,3,6,1.3846153846153846,4.153846153846154,True
ex01_sad_00299,ex01::ARE ANNA FARIS AND CHRIS PRATT SEPARATING,sad,11,14,21,33,7,4,10,14,4.666666666666667,8.909090909090908,True
ex01_sad_00301,ex01::OKAY IS THAT IS THAT GLOVER,sad,6,8,16,23,4,2,6,8,2.0869565217391304,5.565217391304348,True
ex01_sad_00319,ex01::THEN THERE'S MIRACLE OF THIRTY FOURTH STREET BUT ONLY WATCH THE ORIGINAL,sad,14,28,37,55,13,1,13,24,7.127272727272727,18.836363636363636,True
ex01_sad_00328,ex01::ANTI AGING CREAMS CAN BRING ON BREAKOUTS,sad,9,17,26,35,7,2,7,16,4.371428571428571,12.628571428571428,True
ex01_sad_00333,ex01::WHAT ARE YOU NO GOOD AT,sad,4,6,12,17,4,0,4,6,1.411764705882353,4.235294117647059,True
ex01_sad_00370,ex01::AT LEAST I DO,sad,3,5,9,14,2,1,2,4,1.0714285714285714,3.2142857142857144,True
ex01_whisper_00028,ex01::HE WROTE GULLIVER'S TRAVEL,whisper,6,16,18,28,6,0,6,14,3.4285714285714284,10.285714285714286,True
ex01_whisper_00146,ex01::LYNN'S WORKING ON SAGE'S LYRICS,whisper,8,16,27,33,6,2,8,15,3.878787878787879,13.090909090909092,True
ex01_whisper_00156,ex01::WHAT DID THE DEVIL DO NOW,whisper,8,15,19,26,7,1,8,14,4.615384615384615,10.961538461538462,True
ex01_whisper_00163,ex01::OUT OF NOWHERE YOU GET BLINDSIDED,whisper,6,14,21,30,6,0,6,12,2.8,9.8,True
ex01_whisper_00168,ex01::YOU KNOW WHAT,whisper,2,4,8,11,2,0,2,4,0.7272727272727273,2.909090909090909,True
ex01_whisper_00255,ex01::MARIAN,whisper,0,1,5,7,0,0,0,1,0.0,0.7142857142857143,True
ex01_whisper_00264,ex01::FOR THE FRESH FACE CONTEST,whisper,6,10,14,22,6,0,6,9,2.727272727272727,6.363636363636363,True
ex01_whisper_00279,ex01::AND DEPRIVE MYSELF OF THE PLEASURE OF WATCHING YOU SQUIRM,whisper,11,22,33,45,10,1,10,20,5.377777777777778,16.133333333333333,True
ex01_whisper_00284,ex01::WHERE'D MY POPS GO,whisper,4,6,10,15,4,0,4,5,1.6,4.0,True
ex01_whisper_00299,ex01::ARE ANNA FARIS AND CHRIS PRATT SEPARATING,whisper,9,19,27,38,8,1,8,18,4.5,13.5,True
ex01_whisper_00301,ex01::OKAY IS THAT IS THAT GLOVER,whisper,7,10,18,25,4,3,6,10,2.8,7.2,True
ex01_whisper_00319,ex01::THEN THERE'S MIRACLE OF THIRTY FOURTH STREET BUT ONLY WATCH THE ORIGINAL,whisper,14,31,37,59,14,0,14,28,7.3559322033898304,19.440677966101696,True
ex01_whisper_00328,ex01::ANTI AGING CREAMS CAN BRING ON BREAKOUTS,whisper,9,19,27,36,8,1,9,16,4.75,14.25,True
ex01_whisper_00333,ex01::WHAT ARE YOU NO GOOD AT,whisper,4,5,13,18,3,1,3,4,1.1111111111111112,3.611111111111111,True
ex01_whisper_00370,ex01::AT LEAST I DO,whisper,3,5,8,11,3,0,3,5,1.3636363636363635,3.6363636363636362,True
ex02_confused_00028,ex02::WHAT DO YA THINK YOU'RE DOING,confused,3,6,13,20,3,0,3,6,0.9,3.9,True
ex02_confused_00030,ex02::BUT WE ALL HAVE TO LOOK AT OURSELVES,confused,6,14,19,28,5,1,5,12,3.0,9.5,True
ex02_confused_00058,ex02::SHE'S ALWAYS HIGH AS A KITE,confused,5,13,19,28,5,0,5,12,2.3214285714285716,8.821428571428571,True
ex02_confused_00073,ex02::DELETED THE FIRST SECOND OR THIRD ONE,confused,8,16,22,37,8,0,8,15,3.4594594594594597,9.513513513513514,True
ex02_confused_00089,ex02::COMPARING AND CONTRASTING THE VARIOUS OFFENDER TYPES IS ILLUMINATING,confused,12,27,37,62,9,3,11,24,5.225806451612903,16.112903225806452,True
ex02_confused_00096,ex02::WHAT'S WITH THE LOOK,confused,3,5,11,15,3,0,3,5,1.0,3.6666666666666665,True
ex02_confused_00099,ex02::HE SAID OH BRIAN I KNOW YOU THINK YOU'RE SMART BUT IT'S DAVE BANNER,confused,16,26,42,61,13,3,13,25,6.819672131147541,17.901639344262296,True
ex02_confused_00128,ex02::YOU TRASH HOTEL ROOMS IN YOUR SLEEP,confused,6,16,23,32,5,1,5,13,3.0,11.5,True
ex02_confused_00150,ex02::HOW DO YOU SAY WELCOME IN JAPANESE,confused,8,16,23,31,6,2,7,14,4.129032258064516,11.870967741935484,True
ex02_confused_00157,ex02::WEDDING MUSIC STOPS,confused,4,10,14,19,4,0,4,7,2.1052631578947367,7.368421052631579,True
ex02_confused_00233,ex02::DID SHE JUMP IN A CAB,confused,4,10,13,21,3,1,3,10,1.9047619047619047,6.190476190476191,True
ex02_confused_00261,ex02::YACHT CLUB IN HALF AN HOUR,confused,6,9,14,19,4,2,5,9,2.8421052631578947,6.631578947368421,True
ex02_confused_00326,ex02::KAYDA WAS HER NEUROSURGEON BUT NOW IT SEEMS LIKE JAKE'S MAKING ALL THE DECISIONS,confused,18,34,46,65,16,2,18,31,9.415384615384616,24.06153846153846,True
ex02_confused_00348,ex02::WHO'S MORE MISERABLE THAN HER,confused,5,11,19,22,5,0,5,10,2.5,9.5,True
ex02_confused_00355,ex02::GIVEN THE CIRCUMSTANCES ISN'T THIS A LITTLE UNORTHODOX,confused,14,24,29,52,9,5,12,21,6.461538461538462,13.384615384615385,True
ex02_default_00028,ex02::WHAT DO YA THINK YOU'RE DOING,default,4,8,13,18,4,0,4,8,1.7777777777777777,5.777777777777778,True
ex02_default_00030,ex02::BUT WE ALL HAVE TO LOOK AT OURSELVES,default,8,15,19,25,8,0,8,15,4.8,11.4,True
ex02_default_00058,ex02::SHE'S ALWAYS HIGH AS A KITE,default,5,9,14,20,4,1,5,8,2.25,6.3,True
ex02_default_00073,ex02::DELETED THE FIRST SECOND OR THIRD ONE,default,9,14,20,28,7,2,8,12,4.5,10.0,True
ex02_default_00089,ex02::COMPARING AND CONTRASTING THE VARIOUS OFFENDER TYPES IS ILLUMINATING,default,14,26,33,52,13,1,13,23,7.0,16.5,True
ex02_default_00096,ex02::WHAT'S WITH THE LOOK,default,3,5,9,12,2,1,3,5,1.25,3.75,True
ex02_default_00099,ex02::HE SAID OH BRIAN I KNOW YOU THINK YOU'RE SMART BUT IT'S DAVE BANNER,default,15,19,28,51,12,3,13,16,5.588235294117647,10.431372549019608,True
ex02_default_00128,ex02::YOU TRASH HOTEL ROOMS IN YOUR SLEEP,default,7,15,16,28,6,1,7,13,3.75,8.571428571428571,True
ex02_default_00150,ex02::HOW DO YOU SAY WELCOME IN JAPANESE,default,7,14,18,28,6,1,7,13,3.5,9.0,True
ex02_default_00157,ex02::WEDDING MUSIC STOPS,default,4,6,12,15,3,1,4,5,1.6,4.8,True
ex02_default_00233,ex02::DID SHE JUMP IN A CAB,default,5,7,10,18,3,2,5,5,1.9444444444444444,3.888888888888889,True
ex02_default_00261,ex02::YACHT CLUB IN HALF AN HOUR,default,6,7,12,18,5,1,6,7,2.3333333333333335,4.666666666666667,True
ex02_default_00326,ex02::KAYDA WAS HER NEUROSURGEON BUT NOW IT SEEMS LIKE JAKE'S MAKING ALL THE DECISIONS,default,18,25,37,58,15,3,18,23,7.758620689655173,15.948275862068966,True
ex02_default_00348,ex02::WHO'S MORE MISERABLE THAN HER,default,5,7,11,20,5,0,5,7,1.75,3.85,True
ex02_default_00355,ex02::GIVEN THE CIRCUMSTANCES ISN'T THIS A LITTLE UNORTHODOX,default,14,28,30,47,13,1,14,24,8.340425531914894,17.872340425531913,True
ex02_enunciated_00028,ex02::WHAT DO YA THINK YOU'RE DOING,enunciated,5,13,20,26,5,0,5,11,2.5,10.0,True
ex02_enunciated_00030,ex02::BUT WE ALL HAVE TO LOOK AT OURSELVES,enunciated,9,17,26,36,9,0,9,16,4.25,12.277777777777779,True
ex02_enunciated_00058,ex02::SHE'S ALWAYS HIGH AS A KITE,enunciated,5,15,22,28,5,0,5,14,2.6785714285714284,11.785714285714286,True
ex02_enunciated_00073,ex02::DELETED THE FIRST SECOND OR THIRD ONE,enunciated,10,19,26,36,8,2,9,17,5.277777777777778,13.722222222222221,True
ex02_enunciated_00089,ex02::COMPARING AND CONTRASTING THE VARIOUS OFFENDER TYPES IS ILLUMINATING,enunciated,18,37,45,69,17,1,17,30,9.652173913043478,24.130434782608695,True
ex02_enunciated_00096,ex02::WHAT'S WITH THE LOOK,enunciated,4,9,12,16,4,0,3,7,2.25,6.75,True
ex02_enunciated_00099,ex02::HE SAID OH BRIAN I KNOW YOU THINK YOU'RE SMART BUT IT'S DAVE BANNER,enunciated,13,23,44,60,10,3,12,22,4.983333333333333,16.866666666666667,True
ex02_enunciated_00128,ex02::YOU TRASH HOTEL ROOMS IN YOUR SLEEP,enunciated,6,16,25,30,6,0,6,15,3.2,13.333333333333334,True
ex02_enunciated_00150,ex02::HOW DO YOU SAY WELCOME IN JAPANESE,enunciated,8,15,25,33,7,1,7,15,3.6363636363636362,11.363636363636363,True
ex02_enunciated_00157,ex02::WEDDING MUSIC STOPS,enunciated,3,11,16,20,3,0,3,10,1.65,8.8,True
ex02_enunciated_00233,ex02::DID SHE JUMP IN A CAB,enunciated,5,12,15,22,5,0,5,11,2.727272727272727,8.181818181818182,True
ex02_enunciated_00261,ex02::YACHT CLUB IN HALF AN HOUR,enunciated,4,11,16,22,4,0,4,11,2.0,8.0,True
ex02_enunciated_00326,ex02::KAYDA WAS HER NEUROSURGEON BUT NOW IT SEEMS LIKE JAKE'S MAKING ALL THE DECISIONS,enunciated,19,40,51,71,18,1,18,39,10.704225352112676,28.732394366197184,True
ex02_enunciated_00348,ex02::WHO'S MORE MISERABLE THAN HER,enunciated,6,11,18,22,6,0,6,11,3.0,9.0,True
ex02_enunciated_00355,ex02::GIVEN THE CIRCUMSTANCES ISN'T THIS A LITTLE UNORTHODOX,enunciated,16,29,37,54,11,5,15,23,8.592592592592593,19.87037037037037,True
ex02_happy_00028,ex02::WHAT DO YA THINK YOU'RE DOING,happy,5,5,12,19,3,2,4,5,1.3157894736842106,3.1578947368421053,True
ex02_happy_00030,ex02::BUT WE ALL HAVE TO LOOK AT OURSELVES,happy,7,14,17,26,6,1,6,11,3.769230769230769,9.153846153846153,True
ex02_happy_00058,ex02::SHE'S ALWAYS HIGH AS A KITE,happy,5,12,16,23,5,0,5,11,2.608695652173913,8.347826086956522,True
ex02_happy_00073,ex02::DELETED THE FIRST SECOND OR THIRD ONE,happy,10,15,21,30,9,1,10,14,5.0,10.5,True
ex02_happy_00089,ex02::COMPARING AND CONTRASTING THE VARIOUS OFFENDER TYPES IS ILLUMINATING,happy,14,30,37,55,11,3,14,25,7.636363636363637,20.181818181818183,True
ex02_happy_00096,ex02::WHAT'S WITH THE LOOK,happy,3,7,10,14,3,0,3,7,1.5,5.0,True
ex02_happy_00099,ex02::HE SAID OH BRIAN I KNOW YOU THINK YOU'RE SMART BUT IT'S DAVE BANNER,happy,14,20,33,52,11,3,12,18,5.384615384615385,12.692307692307692,True
ex02_happy_00128,ex02::YOU TRASH HOTEL ROOMS IN YOUR SLEEP,happy,7,16,21,27,7,0,7,16,4.148148148148148,12.444444444444445,True
ex02_happy_00150,ex02::HOW DO YOU SAY WELCOME IN JAPANESE,happy,9,12,19,29,6,3,9,11,3.7241379310344827,7.862068965517241,True
ex02_happy_00157,ex02::WEDDING MUSIC STOPS,happy,5,8,14,17,4,1,5,7,2.3529411764705883,6.588235294117647,True
ex02_happy_00233,ex02::DID SHE JUMP IN A CAB,happy,6,8,12,19,4,2,5,8,2.526315789473684,5.052631578947368,True
ex02_happy_00261,ex02::YACHT CLUB IN HALF AN HOUR,happy,6,9,14,20,4,2,5,9,2.7,6.3,True
ex02_happy_00326,ex02::KAYDA WAS HER NEUROSURGEON BUT NOW IT SEEMS LIKE JAKE'S MAKING ALL THE DECISIONS,happy,15,25,37,53,15,0,15,23,7.0754716981132075,17.452830188679247,True
ex02_happy_00348,ex02::WHO'S MORE MISERABLE THAN HER,happy,5,7,15,21,4,1,5,7,1.6666666666666667,5.0,True
ex02_happy_00355,ex02::GIVEN THE CIRCUMSTANCES ISN'T THIS A LITTLE UNORTHODOX,happy,14,24,30,48,12,2,13,20,7.0,15.0,True
ex02_laughing_00028,ex02::WHAT DO YA THINK YOU'RE DOING,laughing,4,10,17,24,4,0,4,10,1.6666666666666667,7.083333333333333,True
ex02_laughing_00030,ex02::BUT WE ALL HAVE TO LOOK AT OURSELVES,laughing,6,18,23,33,6,0,6,15,3.272727272727273,12.545454545454545,True
ex02_laughing_00058,ex02::SHE'S ALWAYS HIGH AS A KITE,laughing,5,12,16,25,5,0,5,11,2.4,7.68,True
ex02_laughing_00073,ex02::DELETED THE FIRST SECOND OR THIRD ONE,laughing,9,16,22,35,8,1,8,15,4.114285714285714,10.057142857142857,True
ex02_laughing_00089,ex02::COMPARING AND CONTRASTING THE VARIOUS OFFENDER TYPES IS ILLUMINATING,laughing,14,36,42,63,14,0,14,32,8.0,24.0,True
ex02_laughing_00096,ex02::WHAT'S WITH THE LOOK,laughing,4,7,11,15,4,0,4,7,1.8666666666666667,5.133333333333334,True
ex02_laughing_00099,ex02::HE SAID OH BRIAN I KNOW YOU THINK YOU'RE SMART BUT IT'S DAVE BANNER,laughing,13,29,41,64,10,3,11,27,5.890625,18.578125,True
ex02_laughing_00128,ex02::YOU TRASH HOTEL ROOMS IN YOUR SLEEP,laughing,9,18,25,34,7,2,8,15,4.764705882352941,13.235294117647058,True
ex02_laughing_00150,ex02::HOW DO YOU SAY WELCOME IN JAPANESE,laughing,7,14,20,33,6,1,6,11,2.9696969696969697,8.484848484848484,True
ex02_laughing_00157,ex02::WEDDING MUSIC STOPS,laughing,3,11,17,23,3,0,3,10,1.434782608695652,8.130434782608695,True
ex02_laughing_00233,ex02::DID SHE JUMP IN A CAB,laughing,5,10,14,23,4,1,5,9,2.1739130434782608,6.086956521739131,True
ex02_laughing_00261,ex02::YACHT CLUB IN HALF AN HOUR,laughing,6,13,16,25,4,2,3,12,3.12,8.32,True
ex02_laughing_00326,ex02::KAYDA WAS HER NEUROSURGEON BUT NOW IT SEEMS LIKE JAKE'S MAKING ALL THE DECISIONS,laughing,21,32,44,61,17,4,20,29,11.01639344262295,23.081967213114755,True
ex02_laughing_00348,ex02::WHO'S MORE MISERABLE THAN HER,laughing,5,13,21,26,5,0,5,12,2.5,10.5,True
ex02_laughing_00355,ex02::GIVEN THE CIRCUMSTANCES ISN'T THIS A LITTLE UNORTHODOX,laughing,15,25,32,54,11,4,13,20,6.944444444444445,14.814814814814815,True
ex02_sad_00028,ex02::WHAT DO YA THINK YOU'RE DOING,sad,4,9,15,21,4,0,4,9,1.7142857142857142,6.428571428571429,True
ex02_sad_00030,ex02::BUT WE ALL HAVE TO LOOK AT OURSELVES,sad,7,18,22,30,7,0,7,17,4.2,13.2,True
ex02_sad_00058,ex02::SHE'S ALWAYS HIGH AS A KITE,sad,5,9,17,24,5,0,5,9,1.875,6.375,True
ex02_sad_00073,ex02::DELETED THE FIRST SECOND OR THIRD ONE,sad,8,19,22,33,8,0,8,18,4.606060606060606,12.666666666666666,True
ex02_sad_00089,ex02::COMPARING AND CONTRASTING THE VARIOUS OFFENDER TYPES IS ILLUMINATING,sad,14,28,40,58,12,2,14,26,6.758620689655173,19.310344827586206,True
ex02_sad_00096,ex02::WHAT'S WITH THE LOOK,sad,4,7,11,15,3,1,3,7,1.8666666666666667,5.133333333333334,True
ex02_sad_00099,ex02::HE SAID OH BRIAN I KNOW YOU THINK YOU'RE SMART BUT IT'S DAVE BANNER,sad,12,21,34,55,10,2,11,18,4.581818181818182,12.981818181818182,True
ex02_sad_00128,ex02::YOU TRASH HOTEL ROOMS IN YOUR SLEEP,sad,7,13,18,29,6,1,7,10,3.1379310344827585,8.068965517241379,True
ex02_sad_00150,ex02::HOW DO YOU SAY WELCOME IN JAPANESE,sad,8,13,21,29,6,2,8,13,3.586206896551724,9.413793103448276,True
ex02_sad_00157,ex02::WEDDING MUSIC STOPS,sad,5,8,14,17,5,0,5,8,2.3529411764705883,6.588235294117647,True
ex02_sad_00233,ex02::DID SHE JUMP IN A CAB,sad,5,8,13,18,4,1,4,8,2.2222222222222223,5.777777777777778,True
ex02_sad_00261,ex02::YACHT CLUB IN HALF AN HOUR,sad,5,11,13,19,5,0,5,10,2.8947368421052633,7.526315789473684,True
ex02_sad_00326,ex02::KAYDA WAS HER NEUROSURGEON BUT NOW IT SEEMS LIKE JAKE'S MAKING ALL THE DECISIONS,sad,18,27,38,58,15,3,16,24,8.379310344827585,17.689655172413794,True
ex02_sad_00348,ex02::WHO'S MORE MISERABLE THAN HER,sad,5,8,14,20,5,0,5,8,2.0,5.6,True
ex02_sad_00355,ex02::GIVEN THE CIRCUMSTANCES ISN'T THIS A LITTLE UNORTHODOX,sad,14,22,28,51,12,2,13,18,6.03921568627451,12.07843137254902,True
ex02_whisper_00028,ex02::WHAT DO YA THINK YOU'RE DOING,whisper,3,9,14,20,3,0,3,7,1.35,6.3,True
ex02_whisper_00030,ex02::BUT WE ALL HAVE TO LOOK AT OURSELVES,whisper,7,16,20,28,5,2,7,13,4.0,11.428571428571429,True
ex02_whisper_00058,ex02::SHE'S ALWAYS HIGH AS A KITE,whisper,4,10,16,25,4,0,4,8,1.6,6.4,True
ex02_whisper_00073,ex02::DELETED THE FIRST SECOND OR THIRD ONE,whisper,9,17,24,33,8,1,9,16,4.636363636363637,12.363636363636363,True
ex02_whisper_00089,ex02::COMPARING AND CONTRASTING THE VARIOUS OFFENDER TYPES IS ILLUMINATING,whisper,16,32,40,56,15,1,16,30,9.142857142857142,22.857142857142858,True
ex02_whisper_00096,ex02::WHAT'S WITH THE LOOK,whisper,4,6,10,16,3,1,4,5,1.5,3.75,True
ex02_whisper_00099,ex02::HE SAID OH BRIAN I KNOW YOU THINK YOU'RE SMART BUT IT'S DAVE BANNER,whisper,16,23,33,55,12,4,14,20,6.6909090909090905,13.8,True
ex02_whisper_00128,ex02::YOU TRASH HOTEL ROOMS IN YOUR SLEEP,whisper,8,16,21,30,6,2,8,14,4.266666666666667,11.2,True
ex02_whisper_00150,ex02::HOW DO YOU SAY WELCOME IN JAPANESE,whisper,9,14,21,31,6,3,7,11,4.064516129032258,9.483870967741936,True
ex02_whisper_00157,ex02::WEDDING MUSIC STOPS,whisper,5,9,13,18,4,1,3,7,2.5,6.5,True
ex02_whisper_00233,ex02::DID SHE JUMP IN A CAB,whisper,5,9,13,20,4,1,5,8,2.25,5.85,True
ex02_whisper_00261,ex02::YACHT CLUB IN HALF AN HOUR,whisper,5,7,15,19,3,2,5,7,1.8421052631578947,5.526315789473684,True
ex02_whisper_00326,ex02::KAYDA WAS HER NEUROSURGEON BUT NOW IT SEEMS LIKE JAKE'S MAKING ALL THE DECISIONS,whisper,18,29,43,59,15,3,18,24,8.847457627118644,21.135593220338983,True
ex02_whisper_00348,ex02::WHO'S MORE MISERABLE THAN HER,whisper,7,8,17,24,5,2,7,7,2.3333333333333335,5.666666666666667,True
ex02_whisper_00355,ex02::GIVEN THE CIRCUMSTANCES ISN'T THIS A LITTLE UNORTHODOX,whisper,17,28,34,53,13,4,15,23,8.981132075471699,17.962264150943398,True
ex03_confused_00010,ex03::IS THAT SUCCESS,confused,4,5,10,17,2,2,4,3,1.1764705882352942,2.9411764705882355,True
ex03_confused_00014,ex03::IS IT THE SHAPE OF THINGS TO COME,confused,6,9,16,27,5,1,6,8,2.0,5.333333333333333,True
ex03_confused_00037,ex03::THE VACANCIES ARE IN SUPPORT SERVICES AND ARTS,confused,11,23,29,42,10,1,10,21,6.023809523809524,15.880952380952381,True
ex03_confused_00040,ex03::HOW ARE YOU SIR,confused,4,5,9,12,3,1,3,5,1.6666666666666667,3.75,True
ex03_confused_00104,ex03::GRANNY SMITH APPLES YOUR FAVORITE,confused,6,12,18,26,5,1,5,10,2.769230769230769,8.307692307692308,True
ex03_confused_00134,ex03::WHO STARS IN THE NUTTY PROFESSOR,confused,5,12,19,25,5,0,5,12,2.4,9.12,True
ex03_confused_00143,ex03::OH ME TOO,confused,3,3,6,7,2,1,2,3,1.2857142857142858,2.5714285714285716,False
ex03_confused_00175,ex03::WHAT IS TAI CHI,confused,2,5,10,15,2,0,2,4,0.6666666666666666,3.3333333333333335,True
ex03_confused_00198,ex03::OF COURSE HE DOES,confused,4,5,12,16,3,1,4,4,1.25,3.75,True
ex03_confused_00205,ex03::MILESTONES FOR ALEX AND THE OTHER TRAVEL ZOO BREAK OUT YOUR SCORECARDS,confused,15,29,40,57,11,4,13,25,7.631578947368421,20.350877192982455,True
ex03_confused_00226,ex03::IT'S GONNA BE SUNNY WITH TEMPERATURES GOING FROM SIXTY EIGHT TO SEVENTY EIGHT TODAY IN COVINGTON,confused,21,34,45,69,18,3,20,31,10.347826086956522,22.17391304347826,True
ex03_confused_00269,ex03::DOES THE PROSECUTION HAVE A RECOMMENDATION,confused,11,16,22,32,10,1,11,15,5.5,11.0,True
ex03_confused_00285,ex03::DON'T THROW THAT OUT,confused,3,5,9,13,3,0,3,5,1.1538461538461537,3.4615384615384617,True
ex03_confused_00343,ex03::OKAY ENOUGH OF THE SPEECHES,confused,6,11,17,25,5,1,6,11,2.64,7.48,True
ex03_confused_00376,ex03::HIS NAME IS ADAM BRODY,confused,5,9,15,21,4,1,4,9,2.142857142857143,6.428571428571429,True
ex03_default_00010,ex03::IS THAT SUCCESS,default,3,4,7,15,2,1,2,4,0.8,1.8666666666666667,True
ex03_default_00014,ex03::IS IT THE SHAPE OF THINGS TO COME,default,6,11,15,25,5,1,6,10,2.64,6.6,True
ex03_default_00037,ex03::THE VACANCIES ARE IN SUPPORT SERVICES AND ARTS,default,10,15,23,34,8,2,8,13,4.411764705882353,10.147058823529411,True
ex03_default_00040,ex03::HOW ARE YOU SIR,default,2,3,7,10,2,0,2,3,0.6,2.1,True
ex03_default_00104,ex03::GRANNY SMITH APPLES YOUR FAVORITE,default,6,11,14,25,5,1,6,9,2.64,6.16,True
ex03_default_00134,ex03::WHO STARS IN THE NUTTY PROFESSOR,default,7,11,14,23,5,2,5,10,3.347826086956522,6.695652173913044,True
ex03_default_00143,ex03::OH ME TOO,default,2,3,4,7,2,0,2,3,0.8571428571428571,1.7142857142857142,True
ex03_default_00175,ex03::WHAT IS TAI CHI,default,2,5,7,11,2,0,2,4,0.9090909090909091,3.1818181818181817,True
ex03_default_00198,ex03::OF COURSE HE DOES,default,4,2,8,13,2,2,4,2,0.6153846153846154,1.2307692307692308,False
ex03_default_00205,ex03::MILESTONES FOR ALEX AND THE OTHER TRAVEL ZOO BREAK OUT YOUR SCORECARDS,default,13,23,35,50,9,4,13,19,5.98,16.1,True
ex03_default_00226,ex03::IT'S GONNA BE SUNNY WITH TEMPERATURES GOING FROM SIXTY EIGHT TO SEVENTY EIGHT TODAY IN COVINGTON,default,16,28,34,61,13,3,14,25,7.344262295081967,15.60655737704918,True
ex03_default_00269,ex03::DOES THE PROSECUTION HAVE A RECOMMENDATION,default,10,15,18,31,8,2,9,13,4.838709677419355,8.709677419354838,True
ex03_default_00285,ex03::DON'T THROW THAT OUT,default,2,4,7,13,1,1,2,3,0.6153846153846154,2.1538461538461537,True
ex03_default_00343,ex03::OKAY ENOUGH OF THE SPEECHES,default,6,9,15,21,6,0,6,8,2.5714285714285716,6.428571428571429,True
ex03_default_00376,ex03::HIS NAME IS ADAM BRODY,default,4,8,13,20,4,0,4,7,1.6,5.2,True
ex03_enunciated_00010,ex03::IS THAT SUCCESS,enunciated,4,4,11,17,3,1,4,4,0.9411764705882353,2.588235294117647,True
ex03_enunciated_00014,ex03::IS IT THE SHAPE OF THINGS TO COME,enunciated,7,12,21,34,6,1,6,12,2.4705882352941178,7.411764705882353,True
ex03_enunciated_00037,ex03::THE VACANCIES ARE IN SUPPORT SERVICES AND ARTS,enunciated,13,25,33,47,11,2,12,22,6.914893617021277,17.5531914893617,True
ex03_enunciated_00040,ex03::HOW ARE YOU SIR,enunciated,3,7,10,14,3,0,3,6,1.5,5.0,True
ex03_enunciated_00104,ex03::GRANNY SMITH APPLES YOUR FAVORITE,enunciated,4,15,22,32,4,0,4,14,1.875,10.3125,True
ex03_enunciated_00134,ex03::WHO STARS IN THE NUTTY PROFESSOR,enunciated,5,14,21,31,5,0,5,13,2.2580645161290325,9.483870967741936,True
ex03_enunciated_00143,ex03::OH ME TOO,enunciated,3,5,8,10,2,1,3,5,1.5,4.0,True
ex03_enunciated_00175,ex03::WHAT IS TAI CHI,enunciated,2,6,11,16,2,0,2,5,0.75,4.125,True
ex03_enunciated_00198,ex03::OF COURSE HE DOES,enunciated,4,8,13,19,3,1,3,6,1.6842105263157894,5.473684210526316,True
ex03_enunciated_00205,ex03::MILESTONES FOR ALEX AND THE OTHER TRAVEL ZOO BREAK OUT YOUR SCORECARDS,enunciated,14,35,51,70,12,2,13,30,7.0,25.5,True
ex03_enunciated_00226,ex03::IT'S GONNA BE SUNNY WITH TEMPERATURES GOING FROM SIXTY EIGHT TO SEVENTY EIGHT TODAY IN COVINGTON,enunciated,20,35,49,76,18,2,18,31,9.210526315789474,22.56578947368421,True
ex03_enunciated_00269,ex03::DOES THE PROSECUTION HAVE A RECOMMENDATION,enunciated,12,19,26,41,11,1,12,16,5.560975609756097,12.048780487804878,True
ex03_enunciated_00285,ex03::DON'T THROW THAT OUT,enunciated,3,10,16,21,2,1,3,9,1.4285714285714286,7.619047619047619,True
ex03_enunciated_00343,ex03::OKAY ENOUGH OF THE SPEECHES,enunciated,7,11,18,28,5,2,7,9,2.75,7.071428571428571,True
ex03_enunciated_00376,ex03::HIS NAME IS ADAM BRODY,enunciated,3,11,19,25,2,1,2,11,1.32,8.36,True
ex03_happy_00010,ex03::IS THAT SUCCESS,happy,3,4,9,14,2,1,3,4,0.8571428571428571,2.5714285714285716,True
ex03_happy_00014,ex03::IS IT THE SHAPE OF THINGS TO COME,happy,7,13,17,28,5,2,5,11,3.25,7.892857142857143,True
ex03_happy_00037,ex03::THE VACANCIES ARE IN SUPPORT SERVICES AND ARTS,happy,10,16,23,36,8,2,9,15,4.444444444444445,10.222222222222221,True
ex03_happy_00040,ex03::HOW ARE YOU SIR,happy,3,2,8,10,2,1,2,2,0.6,1.6,False
ex03_happy_00104,ex03::GRANNY SMITH APPLES YOUR FAVORITE,happy,6,11,19,28,4,2,5,10,2.357142857142857,7.464285714285714,True
ex03_happy_00134,ex03::WHO STARS IN THE NUTTY PROFESSOR,happy,6,10,14,23,5,1,5,10,2.608695652173913,6.086956521739131,True
ex03_happy_00143,ex03::OH ME TOO,happy,2,3,5,8,2,0,2,3,0.75,1.875,True
ex03_happy_00175,ex03::WHAT IS TAI CHI,happy,2,5,7,12,2,0,2,4,0.8333333333333334,2.9166666666666665,True
ex03_happy_00198,ex03::OF COURSE HE DOES,happy,3,3,9,15,2,1,3,2,0.6,1.8,True
ex03_happy_00205,ex03::MILESTONES FOR ALEX AND THE OTHER TRAVEL ZOO BREAK OUT YOUR SCORECARDS,happy,13,24,38,53,10,3,13,20,5.886792452830188,17.20754716981132,True
ex03_happy_00226,ex03::IT'S GONNA BE SUNNY WITH TEMPERATURES GOING FROM SIXTY EIGHT TO SEVENTY EIGHT TODAY IN COVINGTON,happy,21,33,44,69,18,3,20,30,10.043478260869565,21.043478260869566,True
ex03_happy_00269,ex03::DOES THE PROSECUTION HAVE A RECOMMENDATION,happy,11,15,22,35,10,1,11,15,4.714285714285714,9.428571428571429,True
ex03_happy_00285,ex03::DON'T THROW THAT OUT,happy,2,5,8,13,2,0,2,5,0.7692307692307693,3.076923076923077,True
ex03_happy_00343,ex03::OKAY ENOUGH OF THE SPEECHES,happy,6,13,18,24,6,0,6,11,3.25,9.75,True
ex03_happy_00376,ex03::HIS NAME IS ADAM BRODY,happy,5,6,13,20,3,2,3,5,1.5,3.9,True
ex03_laughing_00010,ex03::IS THAT SUCCESS,laughing,4,9,15,24,4,0,4,8,1.5,5.625,True
ex03_laughing_00014,ex03::IS IT THE SHAPE OF THINGS TO COME,laughing,8,17,24,36,7,1,8,16,3.7777777777777777,11.333333333333334,True
ex03_laughing_00037,ex03::THE VACANCIES ARE IN SUPPORT SERVICES AND ARTS,laughing,10,18,27,46,7,3,10,16,3.9130434782608696,10.565217391304348,True
ex03_laughing_00040,ex03::HOW ARE YOU SIR,laughing,3,5,11,16,3,0,3,5,0.9375,3.4375,True
ex03_laughing_00104,ex03::GRANNY SMITH APPLES YOUR FAVORITE,laughing,8,11,19,31,5,3,8,9,2.838709677419355,6.741935483870968,True
ex03_laughing_00134,ex03::WHO STARS IN THE NUTTY PROFESSOR,laughing,10,12,19,31,6,4,8,10,3.870967741935484,7.354838709677419,True
ex03_laughing_00143,ex03::OH ME TOO,laughing,4,5,11,14,3,1,4,5,1.4285714285714286,3.9285714285714284,True
ex03_laughing_00175,ex03::WHAT IS TAI CHI,laughing,3,5,11,16,3,0,3,5,0.9375,3.4375,True
ex03_laughing_00198,ex03::OF COURSE HE DOES,laughing,3,6,11,16,2,1,3,6,1.125,4.125,True
ex03_laughing_00205,ex03::MILESTONES FOR ALEX AND THE OTHER TRAVEL ZOO BREAK OUT YOUR SCORECARDS,laughing,13,36,45,61,11,2,12,32,7.672131147540983,26.557377049180328,True
ex03_laughing_00226,ex03::IT'S GONNA BE SUNNY WITH TEMPERATURES GOING FROM SIXTY EIGHT TO SEVENTY EIGHT TODAY IN COVINGTON,laughing,22,38,47,71,17,5,19,38,11.774647887323944,25.154929577464788,True
ex03_laughing_00269,ex03::DOES THE PROSECUTION HAVE A RECOMMENDATION,laughing,13,19,23,39,12,1,13,19,6.333333333333333,11.205128205128204,True
ex03_laughing_00285,ex03::DON'T THROW THAT OUT,laughing,2,7,9,16,2,0,2,6,0.875,3.9375,True
ex03_laughing_00343,ex03::OKAY ENOUGH OF THE SPEECHES,laughing,6,15,17,25,6,0,6,13,3.6,10.2,True
ex03_laughing_00376,ex03::HIS NAME IS ADAM BRODY,laughing,5,6,14,23,2,3,5,5,1.3043478260869565,3.652173913043478,True
ex03_sad_00010,ex03::IS THAT SUCCESS,sad,4,5,11,15,3,1,4,4,1.3333333333333333,3.6666666666666665,True
ex03_sad_00014,ex03::IS IT THE SHAPE OF THINGS TO COME,sad,7,9,17,27,5,2,7,9,2.3333333333333335,5.666666666666667,True
ex03_sad_00037,ex03::THE VACANCIES ARE IN SUPPORT SERVICES AND ARTS,sad,11,19,26,41,8,3,11,17,5.097560975609756,12.048780487804878,True
ex03_sad_00040,ex03::HOW ARE YOU SIR,sad,3,2,9,10,2,1,3,2,0.6,1.8,True
ex03_sad_00104,ex03::GRANNY SMITH APPLES YOUR FAVORITE,sad,5,14,14,27,5,0,5,11,2.5925925925925926,7.2592592592592595,True
ex03_sad_00134,ex03::WHO STARS IN THE NUTTY PROFESSOR,sad,6,12,18,26,5,1,6,11,2.769230769230769,8.307692307692308,True
ex03_sad_00143,ex03::OH ME TOO,sad,2,3,7,9,2,0,2,3,0.6666666666666666,2.3333333333333335,True
ex03_sad_00175,ex03::WHAT IS TAI CHI,sad,2,6,10,15,2,0,2,5,0.8,4.0,True
ex03_sad_00198,ex03::OF COURSE HE DOES,sad,4,3,10,15,2,2,3,2,0.8,2.0,True
ex03_sad_00205,ex03::MILESTONES FOR ALEX AND THE OTHER TRAVEL ZOO BREAK OUT YOUR SCORECARDS,sad,16,30,43,60,14,2,16,28,8.0,21.5,True
ex03_sad_00226,ex03::IT'S GONNA BE SUNNY WITH TEMPERATURES GOING FROM SIXTY EIGHT TO SEVENTY EIGHT TODAY IN COVINGTON,sad,22,39,49,81,17,5,18,33,10.592592592592593,23.59259259259259,True
ex03_sad_00269,ex03::DOES THE PROSECUTION HAVE A RECOMMENDATION,sad,11,18,23,33,11,0,11,16,6.0,12.545454545454545,True
ex03_sad_00285,ex03::DON'T THROW THAT OUT,sad,3,6,10,15,2,1,2,6,1.2,4.0,True
ex03_sad_00343,ex03::OKAY ENOUGH OF THE SPEECHES,sad,5,11,18,24,4,1,5,11,2.2916666666666665,8.25,True
ex03_sad_00376,ex03::HIS NAME IS ADAM BRODY,sad,6,8,17,24,3,3,5,8,2.0,5.666666666666667,True
ex03_whisper_00010,ex03::IS THAT SUCCESS,whisper,4,7,8,16,4,0,4,6,1.75,3.5,True
ex03_whisper_00014,ex03::IS IT THE SHAPE OF THINGS TO COME,whisper,6,10,15,25,5,1,6,9,2.4,6.0,True
ex03_whisper_00037,ex03::THE VACANCIES ARE IN SUPPORT SERVICES AND ARTS,whisper,10,17,22,36,9,1,10,16,4.722222222222222,10.38888888888889,True
ex03_whisper_00040,ex03::HOW ARE YOU SIR,whisper,2,2,10,13,1,1,2,1,0.3076923076923077,1.5384615384615385,True
ex03_whisper_00104,ex03::GRANNY SMITH APPLES YOUR FAVORITE,whisper,5,10,18,25,4,1,5,9,2.0,7.2,True
ex03_whisper_00134,ex03::WHO STARS IN THE NUTTY PROFESSOR,whisper,6,10,19,28,5,1,6,10,2.142857142857143,6.785714285714286,True
ex03_whisper_00143,ex03::OH ME TOO,whisper,3,5,7,9,3,0,3,5,1.6666666666666667,3.888888888888889,True
ex03_whisper_00175,ex03::WHAT IS TAI CHI,whisper,2,4,11,14,2,0,2,4,0.5714285714285714,3.142857142857143,True
ex03_whisper_00198,ex03::OF COURSE HE DOES,whisper,3,5,10,15,2,1,3,4,1.0,3.3333333333333335,True
ex03_whisper_00205,ex03::MILESTONES FOR ALEX AND THE OTHER TRAVEL ZOO BREAK OUT YOUR SCORECARDS,whisper,17,24,37,52,13,4,16,21,7.846153846153846,17.076923076923077,True
ex03_whisper_00226,ex03::IT'S GONNA BE SUNNY WITH TEMPERATURES GOING FROM SIXTY EIGHT TO SEVENTY EIGHT TODAY IN COVINGTON,whisper,21,33,42,66,18,3,19,30,10.5,21.0,True
ex03_whisper_00269,ex03::DOES THE PROSECUTION HAVE A RECOMMENDATION,whisper,10,14,22,32,9,1,10,12,4.375,9.625,True
ex03_whisper_00285,ex03::DON'T THROW THAT OUT,whisper,2,5,7,14,2,0,2,4,0.7142857142857143,2.5,True
ex03_whisper_00343,ex03::OKAY ENOUGH OF THE SPEECHES,whisper,6,7,16,22,5,1,6,7,1.9090909090909092,5.090909090909091,True
ex03_whisper_00376,ex03::HIS NAME IS ADAM BRODY,whisper,5,10,16,22,4,1,5,9,2.272727272727273,7.2727272727272725,True
ex04_confused_00004,ex04::HEAVIER THAN YOU THOUGHT IT WOULD BE,confused,6,11,18,25,5,1,6,10,2.64,7.92,True
ex04_confused_00015,ex04::FENNEL IS A BULB VEGETABLE WITH A LICORICE ANISE FLAVOR TO IT,confused,18,33,41,56,14,4,15,26,10.607142857142858,24.160714285714285,True
ex04_confused_00080,ex04::I'M DOING SOCIETY A FAVOR,confused,7,9,19,25,5,2,7,8,2.52,6.84,True
ex04_confused_00099,ex04::DOES WEBMD HAVE A WEBPAGE ON DECODING CODE,confused,12,22,30,43,12,0,12,17,6.1395348837209305,15.348837209302326,True
ex04_confused_00147,ex04::YOU'RE ANGRY ON THE TIN ROOF,confused,4,10,16,23,3,1,3,9,1.7391304347826086,6.956521739130435,True
ex04_confused_00158,ex04::AND THEN HE WOULD COME OVER TO OUR SET AND FILM THROUGHOUT THE NIGHT,confused,15,21,33,49,10,5,11,20,6.428571428571429,14.142857142857142,True
ex04_confused_00183,ex04::THE SON ALLEGIANT AND WALK TWO MOONS ARE SIMILAR,confused,10,18,29,40,9,1,9,16,4.5,13.05,True
ex04_confused_00206,ex04::ENJOY THE MOVIE,confused,3,4,8,13,3,0,3,4,0.9230769230769231,2.4615384615384617,True
ex04_confused_00209,ex04::ANY TRIPLE DIGIT TEMPS THIS WEEK IN TEXAS,confused,8,14,19,32,7,1,8,12,3.5,8.3125,True
ex04_confused_00254,ex04::ANY INDICATION ON HOW HE'S LEANING,confused,7,16,21,30,7,0,7,14,3.7333333333333334,11.2,True
ex04_confused_00278,ex04::HEY GAGA HOW'S IT GOING IN THERE,confused,8,14,21,25,7,1,8,13,4.48,11.76,True
ex04_confused_00284,ex04::YOU COULD HAVE WRECKED HIS LIFE,confused,5,11,17,25,5,0,5,8,2.2,7.48,True
ex04_confused_00295,ex04::AND FEE AND STEFFY THEY'RE TEENAGERS,confused,8,11,20,28,6,2,7,9,3.142857142857143,7.857142857142857,True
ex04_confused_00327,ex04::NOT SO FAST,confused,2,4,8,11,2,0,2,3,0.7272727272727273,2.909090909090909,True
ex04_confused_00334,ex04::OKAY SINCE WE'RE TALKING ABOUT WILL SMITH WHAT OTHER MOVIES DID HE ACT IN,confused,14,26,39,57,13,1,13,24,6.385964912280702,17.789473684210527,True
ex04_default_00004,ex04::HEAVIER THAN YOU THOUGHT IT WOULD BE,default,6,10,14,24,5,1,5,10,2.5,5.833333333333333,True
ex04_default_00015,ex04::FENNEL IS A BULB VEGETABLE WITH A LICORICE ANISE FLAVOR TO IT,default,13,23,34,51,11,2,13,20,5.862745098039215,15.333333333333334,True
ex04_default_00080,ex04::I'M DOING SOCIETY A FAVOR,default,5,7,14,22,4,1,5,7,1.5909090909090908,4.454545454545454,True
ex04_default_00099,ex04::DOES WEBMD HAVE A WEBPAGE ON DECODING CODE,default,12,17,24,36,7,5,10,14,5.666666666666667,11.333333333333334,True
ex04_default_00147,ex04::YOU'RE ANGRY ON THE TIN ROOF,default,5,9,15,23,5,0,5,9,1.9565217391304348,5.869565217391305,True
ex04_default_00158,ex04::AND THEN HE WOULD COME OVER TO OUR SET AND FILM THROUGHOUT THE NIGHT,default,13,20,27,45,10,3,12,15,5.777777777777778,12.0,True
ex04_default_00183,ex04::THE SON ALLEGIANT AND WALK TWO MOONS ARE SIMILAR,default,12,17,25,38,9,3,9,15,5.368421052631579,11.18421052631579,True
ex04_default_00206,ex04::ENJOY THE MOVIE,default,4,4,7,13,3,1,3,4,1.2307692307692308,2.1538461538461537,True
ex04_default_00209,ex04::ANY TRIPLE DIGIT TEMPS THIS WEEK IN TEXAS,default,9,13,17,29,9,0,9,11,4.0344827586206895,7.620689655172414,True
ex04_default_00254,ex04::ANY INDICATION ON HOW HE'S LEANING,default,8,9,16,25,5,3,7,7,2.88,5.76,True
ex04_default_00278,ex04::HEY GAGA HOW'S IT GOING IN THERE,default,6,9,13,23,3,3,5,8,2.347826086956522,5.086956521739131,True
ex04_default_00284,ex04::YOU COULD HAVE WRECKED HIS LIFE,default,4,9,11,19,4,0,4,8,1.894736842105263,5.2105263157894735,True
ex04_default_00295,ex04::AND FEE AND STEFFY THEY'RE TEENAGERS,default,7,8,16,24,5,2,7,6,2.3333333333333335,5.333333333333333,True
ex04_default_00327,ex04::NOT SO FAST,default,1,4,7,9,1,0,1,4,0.4444444444444444,3.111111111111111,True
ex04_default_00334,ex04::OKAY SINCE WE'RE TALKING ABOUT WILL SMITH WHAT OTHER MOVIES DID HE ACT IN,default,13,21,33,49,12,1,12,18,5.571428571428571,14.142857142857142,True
ex04_enunciated_00004,ex04::HEAVIER THAN YOU THOUGHT IT WOULD BE,enunciated,7,12,17,25,5,2,7,12,3.36,8.16,True
ex04_enunciated_00015,ex04::FENNEL IS A BULB VEGETABLE WITH A LICORICE ANISE FLAVOR TO IT,enunciated,16,35,43,58,14,2,15,33,9.655172413793103,25.948275862068964,True
ex04_enunciated_00080,ex04::I'M DOING SOCIETY A FAVOR,enunciated,6,11,17,25,5,1,5,9,2.64,7.48,True
ex04_enunciated_00099,ex04::DOES WEBMD HAVE A WEBPAGE ON DECODING CODE,enunciated,9,22,31,46,9,0,9,18,4.304347826086956,14.826086956521738,True
ex04_enunciated_00147,ex04::YOU'RE ANGRY ON THE TIN ROOF,enunciated,6,13,20,26,5,1,5,11,3.0,10.0,True
ex04_enunciated_00158,ex04::AND THEN HE WOULD COME OVER TO OUR SET AND FILM THROUGHOUT THE NIGHT,enunciated,17,33,41,60,14,3,16,28,9.35,22.55,True
ex04_enunciated_00183,ex04::THE SON ALLEGIANT AND WALK TWO MOONS ARE SIMILAR,enunciated,13,19,34,46,9,4,11,17,5.369565217391305,14.043478260869565,True
ex04_enunciated_00206,ex04::ENJOY THE MOVIE,enunciated,4,6,11,16,4,0,4,5,1.5,4.125,True
ex04_enunciated_00209,ex04::ANY TRIPLE DIGIT TEMPS THIS WEEK IN TEXAS,enunciated,10,22,28,37,9,1,9,21,5.945945945945946,16.64864864864865,True
ex04_enunciated_00254,ex04::ANY INDICATION ON HOW HE'S LEANING,enunciated,8,14,25,34,8,0,7,12,3.2941176470588234,10.294117647058824,True
ex04_enunciated_00278,ex04::HEY GAGA HOW'S IT GOING IN THERE,enunciated,9,13,22,29,7,2,8,11,4.0344827586206895,9.862068965517242,True
ex04_enunciated_00284,ex04::YOU COULD HAVE WRECKED HIS LIFE,enunciated,6,16,19,29,5,1,6,13,3.310344827586207,10.482758620689655,True
ex04_enunciated_00295,ex04::AND FEE AND STEFFY THEY'RE TEENAGERS,enunciated,10,15,22,31,7,3,7,15,4.838709677419355,10.64516129032258,True
ex04_enunciated_00327,ex04::NOT SO FAST,enunciated,2,4,11,13,2,0,2,4,0.6153846153846154,3.3846153846153846,True
ex04_enunciated_00334,ex04::OKAY SINCE WE'RE TALKING ABOUT WILL SMITH WHAT OTHER MOVIES DID HE ACT IN,enunciated,20,34,51,68,14,6,18,27,10.0,25.5,True
ex04_happy_00004,ex04::HEAVIER THAN YOU THOUGHT IT WOULD BE,happy,5,9,13,21,4,1,5,8,2.142857142857143,5.571428571428571,True
ex04_happy_00015,ex04::FENNEL IS A BULB VEGETABLE WITH A LICORICE ANISE FLAVOR TO IT,happy,12,22,30,49,11,1,11,19,5.387755102040816,13.46938775510204,True
ex04_happy_00080,ex04::I'M DOING SOCIETY A FAVOR,happy,7,6,11,21,4,3,6,6,2.0,3.142857142857143,False
ex04_happy_00099,ex04::DOES WEBMD HAVE A WEBPAGE ON DECODING CODE,happy,12,19,24,37,10,2,10,17,6.162162162162162,12.324324324324325,True
ex04_happy_00147,ex04::YOU'RE ANGRY ON THE TIN ROOF,happy,4,10,17,21,3,1,4,9,1.9047619047619047,8.095238095238095,True
ex04_happy_00158,ex04::AND THEN HE WOULD COME OVER TO OUR SET AND FILM THROUGHOUT THE NIGHT,happy,15,16,27,44,11,4,14,15,5.454545454545454,9.818181818181818,True
ex04_happy_00183,ex04::THE SON ALLEGIANT AND WALK TWO MOONS ARE SIMILAR,happy,12,15,25,39,9,3,10,14,4.615384615384615,9.615384615384615,True
ex04_happy_00206,ex04::ENJOY THE MOVIE,happy,3,4,8,14,3,0,3,4,0.8571428571428571,2.2857142857142856,True
ex04_happy_00209,ex04::ANY TRIPLE DIGIT TEMPS THIS WEEK IN TEXAS,happy,8,15,20,31,7,1,7,14,3.870967741935484,9.67741935483871,True
ex04_happy_00254,ex04::ANY INDICATION ON HOW HE'S LEANING,happy,8,10,16,27,6,2,6,9,2.962962962962963,5.925925925925926,True
ex04_happy_00278,ex04::HEY GAGA HOW'S IT GOING IN THERE,happy,9,11,16,23,6,3,9,11,4.304347826086956,7.6521739130434785,True
ex04_happy_00284,ex04::YOU COULD HAVE WRECKED HIS LIFE,happy,4,9,12,19,4,0,4,8,1.894736842105263,5.684210526315789,True
ex04_happy_00295,ex04::AND FEE AND STEFFY THEY'RE TEENAGERS,happy,8,12,18,28,7,1,7,9,3.4285714285714284,7.714285714285714,True
ex04_happy_00327,ex04::NOT SO FAST,happy,2,3,6,8,2,0,2,3,0.75,2.25,True
ex04_happy_00334,ex04::OKAY SINCE WE'RE TALKING ABOUT WILL SMITH WHAT OTHER MOVIES DID HE ACT IN,happy,12,21,31,51,9,3,12,18,4.9411764705882355,12.764705882352942,True
ex04_laughing_00004,ex04::HEAVIER THAN YOU THOUGHT IT WOULD BE,laughing,10,16,22,35,8,2,10,13,4.571428571428571,10.057142857142857,True
ex04_laughing_00015,ex04::FENNEL IS A BULB VEGETABLE WITH A LICORICE ANISE FLAVOR TO IT,laughing,17,33,40,64,14,3,15,28,8.765625,20.625,True
ex04_laughing_00080,ex04::I'M DOING SOCIETY A FAVOR,laughing,5,12,18,28,5,0,5,10,2.142857142857143,7.714285714285714,True
ex04_laughing_00099,ex04::DOES WEBMD HAVE A WEBPAGE ON DECODING CODE,laughing,13,22,28,47,11,2,13,18,6.085106382978723,13.106382978723405,True
ex04_laughing_00147,ex04::YOU'RE ANGRY ON THE TIN ROOF,laughing,7,12,19,27,3,4,5,10,3.111111111111111,8.444444444444445,True
ex04_laughing_00158,ex04::AND THEN HE WOULD COME OVER TO OUR SET AND FILM THROUGHOUT THE NIGHT,laughing,15,22,32,52,12,3,11,18,6.346153846153846,13.538461538461538,True
ex04_laughing_00183,ex04::THE SON ALLEGIANT AND WALK TWO MOONS ARE SIMILAR,laughing,19,25,39,60,13,6,17,22,7.916666666666667,16.25,True
ex04_laughing_00206,ex04::ENJOY THE MOVIE,laughing,5,6,12,18,4,1,5,6,1.6666666666666667,4.0,True
ex04_laughing_00209,ex04::ANY TRIPLE DIGIT TEMPS THIS WEEK IN TEXAS,laughing,9,21,24,37,8,1,8,17,5.108108108108108,13.621621621621621,True
ex04_laughing_00254,ex04::ANY INDICATION ON HOW HE'S LEANING,laughing,7,11,22,30,6,1,6,11,2.566666666666667,8.066666666666666,True
ex04_laughing_00278,ex04::HEY GAGA HOW'S IT GOING IN THERE,laughing,11,16,23,35,9,2,10,14,5.0285714285714285,10.514285714285714,True
ex04_laughing_00284,ex04::YOU COULD HAVE WRECKED HIS LIFE,laughing,6,13,17,32,4,2,5,12,2.4375,6.90625,True
ex04_laughing_00295,ex04::AND FEE AND STEFFY THEY'RE TEENAGERS,laughing,9,12,20,33,6,3,7,10,3.272727272727273,7.2727272727272725,True
ex04_laughing_00327,ex04::NOT SO FAST,laughing,4,4,8,13,3,1,4,4,1.2307692307692308,2.4615384615384617,True
ex04_laughing_00334,ex04::OKAY SINCE WE'RE TALKING ABOUT WILL SMITH WHAT OTHER MOVIES DID HE ACT IN,laughing,16,27,40,62,13,3,15,26,6.967741935483871,17.419354838709676,True
ex04_sad_00004,ex04::HEAVIER THAN YOU THOUGHT IT WOULD BE,sad,7,10,15,23,5,2,6,9,3.0434782608695654,6.521739130434782,True
ex04_sad_00015,ex04::FENNEL IS A BULB VEGETABLE WITH A LICORICE ANISE FLAVOR TO IT,sad,16,26,34,51,12,4,16,24,8.156862745098039,17.333333333333332,True
ex04_sad_00080,ex04::I'M DOING SOCIETY A FAVOR,sad,7,10,15,23,5,2,6,8,3.0434782608695654,6.521739130434782,True
ex04_sad_00099,ex04::DOES WEBMD HAVE A WEBPAGE ON DECODING CODE,sad,12,20,25,40,11,1,11,17,6.0,12.5,True
ex04_sad_00147,ex04::YOU'RE ANGRY ON THE TIN ROOF,sad,4,9,17,21,4,0,4,9,1.7142857142857142,7.285714285714286,True
ex04_sad_00158,ex04::AND THEN HE WOULD COME OVER TO OUR SET AND FILM THROUGHOUT THE NIGHT,sad,13,19,25,45,10,3,12,17,5.488888888888889,10.555555555555555,True
ex04_sad_00183,ex04::THE SON ALLEGIANT AND WALK TWO MOONS ARE SIMILAR,sad,9,19,31,42,7,2,9,17,4.071428571428571,14.023809523809524,True
ex04_sad_00206,ex04::ENJOY THE MOVIE,sad,5,5,12,16,3,2,5,5,1.5625,3.75,True
ex04_sad_00209,ex04::ANY TRIPLE DIGIT TEMPS THIS WEEK IN TEXAS,sad,8,17,21,33,8,0,7,15,4.121212121212121,10.818181818181818,True
ex04_sad_00254,ex04::ANY INDICATION ON HOW HE'S LEANING,sad,8,12,19,26,6,2,8,10,3.6923076923076925,8.76923076923077,True
ex04_sad_00278,ex04::HEY GAGA HOW'S IT GOING IN THERE,sad,8,14,20,27,8,0,8,12,4.148148148148148,10.37037037037037,True
ex04_sad_00284,ex04::YOU COULD HAVE WRECKED HIS LIFE,sad,4,9,15,21,4,0,4,9,1.7142857142857142,6.428571428571429,True
ex04_sad_00295,ex04::AND FEE AND STEFFY THEY'RE TEENAGERS,sad,7,11,18,27,6,1,7,10,2.8518518518518516,7.333333333333333,True
ex04_sad_00327,ex04::NOT SO FAST,sad,2,3,7,10,2,0,2,3,0.6,2.1,True
ex04_sad_00334,ex04::OKAY SINCE WE'RE TALKING ABOUT WILL SMITH WHAT OTHER MOVIES DID HE ACT IN,sad,14,28,36,53,12,2,12,26,7.39622641509434,19.0188679245283,True
ex04_whisper_00004,ex04::HEAVIER THAN YOU THOUGHT IT WOULD BE,whisper,6,10,15,25,5,1,5,9,2.4,6.0,True
ex04_whisper_00015,ex04::FENNEL IS A BULB VEGETABLE WITH A LICORICE ANISE FLAVOR TO IT,whisper,17,26,37,54,12,5,13,24,8.185185185185185,17.814814814814813,True
ex04_whisper_00080,ex04::I'M DOING SOCIETY A FAVOR,whisper,6,10,14,25,4,2,6,8,2.4,5.6,True
ex04_whisper_00099,ex04::DOES WEBMD HAVE A WEBPAGE ON DECODING CODE,whisper,12,22,28,40,10,2,11,20,6.6,15.4,True
ex04_whisper_00147,ex04::YOU'RE ANGRY ON THE TIN ROOF,whisper,7,9,16,23,6,1,6,8,2.739130434782609,6.260869565217392,True
ex04_whisper_00158,ex04::AND THEN HE WOULD COME OVER TO OUR SET AND FILM THROUGHOUT THE NIGHT,whisper,14,21,28,48,10,4,11,18,6.125,12.25,True
ex04_whisper_00183,ex04::THE SON ALLEGIANT AND WALK TWO MOONS ARE SIMILAR,whisper,12,16,25,40,8,4,10,13,4.8,10.0,True
ex04_whisper_00206,ex04::ENJOY THE MOVIE,whisper,4,5,8,13,3,1,4,4,1.5384615384615385,3.076923076923077,True
ex04_whisper_00209,ex04::ANY TRIPLE DIGIT TEMPS THIS WEEK IN TEXAS,whisper,8,18,22,34,8,0,8,17,4.235294117647059,11.647058823529411,True
ex04_whisper_00254,ex04::ANY INDICATION ON HOW HE'S LEANING,whisper,7,11,20,28,4,3,6,11,2.75,7.857142857142857,True
ex04_whisper_00278,ex04::HEY GAGA HOW'S IT GOING IN THERE,whisper,8,13,19,27,7,1,7,12,3.8518518518518516,9.148148148148149,True
ex04_whisper_00284,ex04::YOU COULD HAVE WRECKED HIS LIFE,whisper,4,11,14,23,4,0,4,10,1.9130434782608696,6.695652173913044,True
ex04_whisper_00295,ex04::AND FEE AND STEFFY THEY'RE TEENAGERS,whisper,8,10,22,31,5,3,7,10,2.5806451612903225,7.096774193548387,True
ex04_whisper_00327,ex04::NOT SO FAST,whisper,3,3,8,11,2,1,3,3,0.8181818181818182,2.1818181818181817,True
ex04_whisper_00334,ex04::OKAY SINCE WE'RE TALKING ABOUT WILL SMITH WHAT OTHER MOVIES DID HE ACT IN,whisper,12,26,39,57,8,4,11,22,5.473684210526316,17.789473684210527,True
